index_id,userId,movieId,rating,timestamp
0,1,31,2.5,1260759144
1,1,1029,3.0,1260759179
2,1,1061,3.0,1260759182
3,1,1129,2.0,1260759185
4,1,1172,4.0,1260759205
5,1,1263,2.0,1260759151
6,1,1287,2.0,1260759187
7,1,1293,2.0,1260759148
8,1,1339,3.5,1260759125
9,1,1343,2.0,1260759131
10,1,1371,2.5,1260759135
11,1,1405,1.0,1260759203
12,1,1953,4.0,1260759191
13,1,2105,4.0,1260759139
14,1,2150,3.0,1260759194
15,1,2193,2.0,1260759198
16,1,2294,2.0,1260759108
17,1,2455,2.5,1260759113
18,1,2968,1.0,1260759200
19,1,3671,3.0,1260759117
20,2,10,4.0,835355493
21,2,17,5.0,835355681
22,2,39,5.0,835355604
23,2,47,4.0,835355552
24,2,50,4.0,835355586
25,2,52,3.0,835356031
26,2,62,3.0,835355749
27,2,110,4.0,835355532
28,2,144,3.0,835356016
29,2,150,5.0,835355395
30,2,153,4.0,835355441
31,2,161,3.0,835355493
32,2,165,3.0,835355441
33,2,168,3.0,835355710
34,2,185,3.0,835355511
35,2,186,3.0,835355664
36,2,208,3.0,835355511
37,2,222,5.0,835355840
38,2,223,1.0,835355749
39,2,225,3.0,835355552
40,2,235,3.0,835355664
41,2,248,3.0,835355896
42,2,253,4.0,835355511
43,2,261,4.0,835355681
44,2,265,5.0,835355697
45,2,266,5.0,835355586
46,2,272,3.0,835355767
47,2,273,4.0,835355779
48,2,292,3.0,835355492
49,2,296,4.0,835355395
50,2,300,3.0,835355532
51,2,314,4.0,835356044
52,2,317,2.0,835355551
53,2,319,1.0,835355918
54,2,339,3.0,835355492
55,2,349,4.0,835355441
56,2,350,4.0,835355697
57,2,356,3.0,835355628
58,2,357,3.0,835355749
59,2,364,3.0,835355604
60,2,367,3.0,835355619
61,2,370,2.0,835355932
62,2,371,3.0,835355968
63,2,372,3.0,835356094
64,2,377,3.0,835355710
65,2,382,3.0,835356165
66,2,405,2.0,835356246
67,2,410,3.0,835355532
68,2,454,4.0,835355604
69,2,457,3.0,835355511
70,2,468,4.0,835355790
71,2,474,2.0,835355828
72,2,480,4.0,835355643
73,2,485,3.0,835355918
74,2,497,3.0,835355880
75,2,500,4.0,835355731
76,2,508,4.0,835355860
77,2,509,4.0,835355719
78,2,515,4.0,835355817
79,2,527,4.0,835355731
80,2,537,4.0,835356199
81,2,539,3.0,835355767
82,2,550,3.0,835356109
83,2,551,5.0,835355767
84,2,552,3.0,835355860
85,2,585,5.0,835355817
86,2,586,3.0,835355790
87,2,587,3.0,835355779
88,2,588,3.0,835355441
89,2,589,5.0,835355697
90,2,590,5.0,835355395
91,2,592,5.0,835355395
92,2,593,3.0,835355511
93,2,616,3.0,835355932
94,2,661,4.0,835356141
95,2,720,4.0,835355978
96,3,60,3.0,1298861675
97,3,110,4.0,1298922049
98,3,247,3.5,1298861637
99,3,267,3.0,1298861761
100,3,296,4.5,1298862418
101,3,318,5.0,1298862121
102,3,355,2.5,1298861589
103,3,356,5.0,1298862167
104,3,377,2.5,1298923242
105,3,527,3.0,1298862528
106,3,588,3.0,1298922100
107,3,592,3.0,1298923247
108,3,593,3.0,1298921840
109,3,595,2.0,1298923260
110,3,736,3.5,1298932787
111,3,778,4.0,1298863157
112,3,866,3.0,1298861687
113,3,1197,5.0,1298932770
114,3,1210,3.0,1298921795
115,3,1235,4.0,1298861628
116,3,1271,3.0,1298861605
117,3,1378,4.0,1298861658
118,3,1580,3.5,1298922089
119,3,1721,4.5,1298923236
120,3,1884,4.0,1298863143
121,3,2028,4.0,1298921862
122,3,2318,4.0,1298861753
123,3,2513,3.0,1298861789
124,3,2694,3.0,1298862710
125,3,2702,3.5,1298861796
126,3,2716,3.0,1298924017
127,3,2762,3.5,1298922057
128,3,2841,4.0,1298861733
129,3,2858,4.0,1298921825
130,3,2959,5.0,1298862874
131,3,3243,3.0,1298861968
132,3,3510,4.0,1298861633
133,3,3949,5.0,1298863174
134,3,5349,3.0,1298923266
135,3,5669,3.5,1298862672
136,3,6377,3.0,1298922080
137,3,7153,2.5,1298921787
138,3,7361,3.0,1298922065
139,3,8622,3.5,1298861650
140,3,8636,3.0,1298932766
141,3,27369,3.5,1298862555
142,3,44191,3.5,1298932740
143,3,48783,4.5,1298862361
144,3,50068,4.5,1298862467
145,3,58559,3.0,1298922071
146,3,84236,4.0,1298922130
147,4,10,4.0,949810645
148,4,34,5.0,949919556
149,4,112,5.0,949810582
150,4,141,5.0,949919681
151,4,153,4.0,949811346
152,4,173,3.0,949811346
153,4,185,3.0,949920047
154,4,260,5.0,949779042
155,4,289,4.0,949778802
156,4,296,5.0,949895708
157,4,329,3.0,949810618
158,4,349,5.0,949810582
159,4,356,5.0,949919763
160,4,357,5.0,949919681
161,4,364,5.0,949949538
162,4,367,4.0,949895887
163,4,380,3.0,949810534
164,4,410,3.0,949919883
165,4,431,3.0,949895772
166,4,434,4.0,949810688
167,4,435,1.0,949920135
168,4,440,4.0,949919802
169,4,442,4.0,949920028
170,4,464,4.0,949811315
171,4,480,5.0,949810582
172,4,541,5.0,949779091
173,4,588,5.0,949949486
174,4,589,5.0,949919938
175,4,590,3.0,949810534
176,4,594,5.0,949949538
177,4,596,5.0,949949638
178,4,610,4.0,949982238
179,4,616,5.0,949949444
180,4,858,5.0,949779022
181,4,903,5.0,949919189
182,4,910,4.0,949919306
183,4,913,5.0,949919247
184,4,919,5.0,949949396
185,4,1011,4.0,949919454
186,4,1016,4.0,949919322
187,4,1022,5.0,949949638
188,4,1028,5.0,949949638
189,4,1030,5.0,949896377
190,4,1031,5.0,949896377
191,4,1032,5.0,949949538
192,4,1033,5.0,949949638
193,4,1036,5.0,949896244
194,4,1073,5.0,949919372
195,4,1079,5.0,949811523
196,4,1089,5.0,949895732
197,4,1097,5.0,949778771
198,4,1125,5.0,949919399
199,4,1127,5.0,949896275
200,4,1136,5.0,949919372
201,4,1194,5.0,949919419
202,4,1196,5.0,949779173
203,4,1197,5.0,949811490
204,4,1198,5.0,949779173
205,4,1200,5.0,949896244
206,4,1206,5.0,949896159
207,4,1208,5.0,949779173
208,4,1210,5.0,949778714
209,4,1213,5.0,949895708
210,4,1214,5.0,949810261
211,4,1219,5.0,949779173
212,4,1220,5.0,949811523
213,4,1222,5.0,949918693
214,4,1225,5.0,949779173
215,4,1230,5.0,949919372
216,4,1240,5.0,949896244
217,4,1243,5.0,949919519
218,4,1257,5.0,949811602
219,4,1258,5.0,949918743
220,4,1259,4.0,949811559
221,4,1265,5.0,949919591
222,4,1270,5.0,949811523
223,4,1278,5.0,949919372
224,4,1282,5.0,949949396
225,4,1285,4.0,949811559
226,4,1288,5.0,949811490
227,4,1291,5.0,949918743
228,4,1298,4.0,949918927
229,4,1307,4.0,949811602
230,4,1332,4.0,949896275
231,4,1334,5.0,949982274
232,4,1344,5.0,949919247
233,4,1356,4.0,949810582
234,4,1371,4.0,949810302
235,4,1372,3.0,949920004
236,4,1374,4.0,949918787
237,4,1376,3.0,949918904
238,4,1377,3.0,949810688
239,4,1380,5.0,949896377
240,4,1387,5.0,949810261
241,4,1388,4.0,949810302
242,4,1396,5.0,949895772
243,4,1544,3.0,949811230
244,4,1580,5.0,949919978
245,4,1663,4.0,949811559
246,4,1674,5.0,949896244
247,4,1805,1.0,949895864
248,4,1858,5.0,949919738
249,4,1917,4.0,949810688
250,4,1918,2.0,949895956
251,4,1953,5.0,949810261
252,4,1954,5.0,949810261
253,4,1961,5.0,949918743
254,4,1967,3.0,949949538
255,4,1968,5.0,949811559
256,4,1994,5.0,949896309
257,4,2000,5.0,949811602
258,4,2002,3.0,949895907
259,4,2003,2.0,949918970
260,4,2005,5.0,949896070
261,4,2014,4.0,949919454
262,4,2018,5.0,949778771
263,4,2020,4.0,949811738
264,4,2021,4.0,949896114
265,4,2033,4.0,949982239
266,4,2034,4.0,949896183
267,4,2046,5.0,949810618
268,4,2054,3.0,949896114
269,4,2064,5.0,949918648
270,4,2078,5.0,949949444
271,4,2080,5.0,949919306
272,4,2081,4.0,949982239
273,4,2085,5.0,949949444
274,4,2086,5.0,949896114
275,4,2087,5.0,949949638
276,4,2091,5.0,949896183
277,4,2094,4.0,949920028
278,4,2096,5.0,949949538
279,4,2100,5.0,949896114
280,4,2102,5.0,949949396
281,4,2105,4.0,949896114
282,4,2109,5.0,949919399
283,4,2110,3.0,949896309
284,4,2114,5.0,949918927
285,4,2115,5.0,949918994
286,4,2124,4.0,949919763
287,4,2140,5.0,949896070
288,4,2141,4.0,949982239
289,4,2143,4.0,949896114
290,4,2144,5.0,949811603
291,4,2161,5.0,949896070
292,4,2174,5.0,949896070
293,4,2193,3.0,949896070
294,4,2194,5.0,949918764
295,4,2248,4.0,949811559
296,4,2263,3.0,949896309
297,4,2268,5.0,949895772
298,4,2289,5.0,949919556
299,4,2348,4.0,949918927
300,4,2371,4.0,949811603
301,4,2403,4.0,949918994
302,4,2406,5.0,949918994
303,4,2409,4.0,949810302
304,4,2454,5.0,949982274
305,4,2467,5.0,949918875
306,4,2551,4.0,949896275
307,4,2616,1.0,949895993
308,4,2628,5.0,949810582
309,4,2640,5.0,949810261
310,4,2659,3.0,949918671
311,4,2683,4.0,949896497
312,4,2699,4.0,949896497
313,4,2716,5.0,949811523
314,4,2723,5.0,949810582
315,4,2734,4.0,949778714
316,4,2770,1.0,949896521
317,4,2788,5.0,949919399
318,4,2791,5.0,949811490
319,4,2795,4.0,949811603
320,4,2797,5.0,949896070
321,4,2804,5.0,949811738
322,4,2822,3.0,949811230
323,4,2867,3.0,949918875
324,4,2872,5.0,949896114
325,4,2877,5.0,949896377
326,4,2902,2.0,949896309
327,4,2903,1.0,949896309
328,4,2916,4.0,949810534
329,4,2918,5.0,949811559
330,4,2968,5.0,949896070
331,4,2986,3.0,949896015
332,4,2987,5.0,949918807
333,4,2991,5.0,949810261
334,4,3016,3.0,949896543
335,4,3034,5.0,949949444
336,4,3039,4.0,949811559
337,4,3040,5.0,949919419
338,4,3060,5.0,949919656
339,4,3071,4.0,949918715
340,4,3101,4.0,949896275
341,4,3104,4.0,949811603
342,4,3108,5.0,949919738
343,4,3169,4.0,949918904
344,4,3208,2.0,949778946
345,4,3210,4.0,949811523
346,4,3251,5.0,949918970
347,4,3255,4.0,949919738
348,4,3263,3.0,949919845
349,4,3265,5.0,949895732
350,4,4006,2.0,949982238
351,5,3,4.0,1163374957
352,5,39,4.0,1163374952
353,5,104,4.0,1163374639
354,5,141,4.0,1163374242
355,5,150,4.0,1163374404
356,5,231,3.5,1163373762
357,5,277,4.5,1163373208
358,5,344,3.5,1163373636
359,5,356,4.0,1163374152
360,5,364,4.0,1163373752
361,5,367,4.0,1163373755
362,5,377,4.0,1163373610
363,5,440,4.0,1163374477
364,5,500,4.5,1163373718
365,5,586,4.0,1163374392
366,5,588,3.5,1163373551
367,5,595,4.0,1163374190
368,5,597,5.0,1163373711
369,5,788,3.5,1163374993
370,5,858,2.5,1163373651
371,5,903,3.5,1163373135
372,5,919,4.0,1163374286
373,5,1022,4.0,1163373316
374,5,1035,5.0,1163373103
375,5,1193,3.0,1163374173
376,5,1221,2.5,1163374239
377,5,1247,4.0,1163374582
378,5,1307,4.0,1163374495
379,5,1380,5.0,1163373044
380,5,1393,3.5,1163374165
381,5,1485,4.5,1163374608
382,5,1544,3.5,1163374562
383,5,1682,4.0,1163374214
384,5,1721,4.0,1163373744
385,5,1777,4.0,1163374601
386,5,1784,4.5,1163374251
387,5,1923,4.5,1163373726
388,5,1961,4.0,1163373675
389,5,1968,4.0,1163374324
390,5,1997,3.5,1163374593
391,5,2023,1.5,1163373188
392,5,2081,5.0,1163373109
393,5,2273,4.0,1163373276
394,5,2294,4.0,1163373251
395,5,2355,3.5,1163374184
396,5,2424,4.0,1163373193
397,5,2502,3.5,1163374290
398,5,2683,4.0,1163373679
399,5,2694,4.5,1163373293
400,5,2706,4.0,1163374246
401,5,2762,3.5,1163373743
402,5,2770,3.5,1163374947
403,5,2918,3.5,1163374278
404,5,2997,3.5,1163374127
405,5,3114,3.5,1163374263
406,5,3176,3.5,1163374408
407,5,3408,4.0,1163374137
408,5,3753,3.5,1163373148
409,5,3897,4.5,1163374235
410,5,3948,3.5,1163374198
411,5,4014,4.0,1163373273
412,5,4018,4.0,1163375025
413,5,4022,3.5,1163373696
414,5,4025,4.5,1163375145
415,5,4306,3.5,1163374103
416,5,4308,3.5,1163374354
417,5,4447,4.5,1163375033
418,5,4718,3.5,1163375131
419,5,4963,3.0,1163373548
420,5,4995,4.5,1163373616
421,5,5266,3.5,1163374995
422,5,5299,4.5,1163373299
423,5,5349,4.5,1163373606
424,5,5464,4.0,1163374443
425,5,5669,3.5,1163374206
426,5,5679,4.5,1163374389
427,5,5816,3.0,1163373688
428,5,5995,4.0,1163374533
429,5,6218,3.5,1163374491
430,5,6373,4.0,1163374572
431,5,6377,4.0,1163373626
432,5,6502,4.0,1163374455
433,5,6711,2.5,1163373238
434,5,6942,4.0,1163374511
435,5,8376,4.0,1163374742
436,5,8464,4.0,1163374381
437,5,8622,3.5,1163374118
438,5,8636,4.5,1163373593
439,5,8644,4.0,1163374426
440,5,30707,4.5,1163374340
441,5,30749,4.5,1163374702
442,5,30793,3.5,1163374177
443,5,33166,5.0,1163374211
444,5,33679,4.0,1163374517
445,5,34162,4.5,1163374227
446,5,35836,4.0,1163374275
447,5,40819,4.5,1163374283
448,5,41566,4.0,1163374144
449,5,41569,4.0,1163374167
450,5,48385,4.5,1163374357
451,6,111,4.0,1109258212
452,6,158,2.0,1108134263
453,6,173,2.0,1109258228
454,6,293,5.0,1108134539
455,6,596,4.0,1108134269
456,6,903,4.0,1108134299
457,6,1204,5.0,1108134266
458,6,1250,4.5,1108134284
459,6,1259,4.5,1109258196
460,6,1276,4.5,1108134309
461,6,1285,4.5,1108134339
462,6,1358,2.0,1109258181
463,6,1639,2.0,1109258179
464,6,1687,2.0,1109258281
465,6,1747,2.0,1109258194
466,6,1876,0.5,1108134334
467,6,1909,3.0,1108134344
468,6,2001,3.0,1108134289
469,6,2019,4.0,1109258270
470,6,2072,4.0,1109258285
471,6,2174,4.0,1109258175
472,6,2502,3.5,1108134291
473,6,2528,3.0,1109258245
474,6,2529,4.0,1108134293
475,6,2571,1.0,1109258202
476,6,2657,2.0,1108134271
477,6,2692,4.0,1108134274
478,6,2723,3.0,1109258257
479,6,2761,4.5,1108134545
480,6,2890,3.0,1109258199
481,6,3052,1.0,1108134337
482,6,3114,4.0,1109258183
483,6,3300,3.5,1109258250
484,6,3751,1.5,1109258190
485,6,4641,1.5,1109258217
486,6,4975,1.5,1109258226
487,6,5952,5.0,1108134311
488,6,7090,3.0,1108134534
489,6,7153,5.0,1108134519
490,6,7361,4.0,1108134524
491,6,8368,3.5,1108134526
492,6,8636,4.0,1108134537
493,6,8784,3.0,1108134531
494,6,8874,4.5,1108134521
495,7,1,3.0,851866703
496,7,10,3.0,851869035
497,7,21,3.0,851867289
498,7,31,3.0,851868750
499,7,34,4.0,851867861
500,7,40,4.0,851866901
501,7,104,3.0,851866744
502,7,110,5.0,851868188
503,7,112,4.0,851866720
504,7,141,4.0,851866704
505,7,151,4.0,851868206
506,7,198,2.0,851868704
507,7,207,3.0,851868705
508,7,260,5.0,851869062
509,7,272,3.0,851868188
510,7,316,2.0,851869161
511,7,318,5.0,851868187
512,7,329,3.0,851868524
513,7,333,3.0,851867345
514,7,345,3.0,851867621
515,7,355,3.0,851867941
516,7,356,3.0,851868188
517,7,357,3.0,851867436
518,7,364,3.0,851868020
519,7,367,3.0,851867790
520,7,377,3.0,851869291
521,7,380,4.0,851869291
522,7,480,4.0,851869161
523,7,500,3.0,851867669
524,7,534,4.0,851868246
525,7,539,3.0,851867688
526,7,541,4.0,851869035
527,7,551,4.0,851868019
528,7,588,4.0,851868044
529,7,589,3.0,851869140
530,7,590,4.0,851868186
531,7,592,3.0,851868863
532,7,594,4.0,851868020
533,7,595,3.0,851868044
534,7,610,3.0,851868074
535,7,671,4.0,851866806
536,7,708,3.0,851866744
537,7,720,5.0,851868019
538,7,724,2.0,851866784
539,7,736,1.0,851866704
540,7,737,1.0,851866763
541,7,745,5.0,851868020
542,7,780,3.0,851866703
543,7,786,2.0,851866744
544,7,924,4.0,851868289
545,7,1036,3.0,851869102
546,7,1073,3.0,851866744
547,7,1079,4.0,851867320
548,7,1080,4.0,851867289
549,7,1097,3.0,851868308
550,7,1125,3.0,851867553
551,7,1129,3.0,851869103
552,7,1136,4.0,851867289
553,7,1148,5.0,851868019
554,7,1196,5.0,851869034
555,7,1197,3.0,851867289
556,7,1198,5.0,851869035
557,7,1210,5.0,851869034
558,7,1220,4.0,851867379
559,7,1223,5.0,851868044
560,7,1225,5.0,851868246
561,7,1231,4.0,851868321
562,7,1240,4.0,851869062
563,7,1242,5.0,851868289
564,7,1270,3.0,851867436
565,7,1275,4.0,851869080
566,7,1278,3.0,851867436
567,7,1287,4.0,851868332
568,7,1288,4.0,851867401
569,7,1291,3.0,851867320
570,7,1298,3.0,851868471
571,7,1302,4.0,851868471
572,7,1307,3.0,851867401
573,7,1353,3.0,851866935
574,7,1371,3.0,851869160
575,7,1372,3.0,851869102
576,7,1373,2.0,851869230
577,7,1374,4.0,851869035
578,7,1375,3.0,851869140
579,7,1376,3.0,851869062
580,7,1394,3.0,851867688
581,7,1405,5.0,851866978
582,7,1408,1.0,851869140
583,8,32,5.0,1154465405
584,8,45,2.5,1154389572
585,8,47,5.0,1154464836
586,8,50,5.0,1154400173
587,8,110,4.0,1154473268
588,8,260,3.5,1154464829
589,8,282,2.0,1154389420
590,8,296,4.0,1154465380
591,8,318,5.0,1154464714
592,8,356,4.0,1154400390
593,8,457,4.5,1154400475
594,8,520,3.5,1154389356
595,8,524,2.0,1154400357
596,8,527,5.0,1154400170
597,8,543,5.0,1154389386
598,8,589,4.0,1154464853
599,8,593,4.5,1154464833
600,8,628,4.0,1154400284
601,8,805,3.5,1154389432
602,8,858,5.0,1154400181
603,8,1196,3.5,1154464841
604,8,1197,4.0,1154464887
605,8,1198,4.0,1154464730
606,8,1210,4.0,1154464769
607,8,1219,4.0,1154465573
608,8,1225,4.0,1154465394
609,8,1258,4.0,1154465555
610,8,1259,4.0,1154464811
611,8,1265,3.0,1154465230
612,8,1270,4.0,1154464747
613,8,1291,4.0,1154464720
614,8,1302,3.5,1154400465
615,8,1358,0.5,1154474527
616,8,1387,4.0,1154465285
617,8,1393,3.0,1154400324
618,8,1500,4.0,1154465235
619,8,1552,3.0,1154389408
620,8,1617,3.5,1154464990
621,8,1625,5.0,1154389385
622,8,1674,4.0,1154389491
623,8,1704,4.0,1154473252
624,8,1754,3.0,1154400308
625,8,1777,5.0,1154400458
626,8,1876,3.5,1154389528
627,8,1961,5.0,1154473322
628,8,2028,4.0,1154473259
629,8,2100,3.0,1154389460
630,8,2139,3.0,1154465222
631,8,2194,4.5,1154464735
632,8,2302,4.5,1154400414
633,8,2324,4.0,1154464850
634,8,2329,5.0,1154473217
635,8,2353,3.5,1154389340
636,8,2423,3.5,1154400351
637,8,2502,5.0,1154464889
638,8,2571,5.0,1154464738
639,8,2716,3.5,1154464944
640,8,2762,4.5,1154464717
641,8,2770,2.5,1154389541
642,8,2791,4.5,1154465558
643,8,2797,3.5,1154400340
644,8,2804,3.5,1154473419
645,8,2841,3.0,1154400360
646,8,2858,4.5,1154464950
647,8,2918,5.0,1154473364
648,8,2959,4.0,1154464901
649,8,3147,4.5,1154400266
650,8,3578,5.0,1154400441
651,8,3916,3.5,1154400198
652,8,3948,4.0,1154389482
653,8,3996,4.0,1154465526
654,8,4011,4.5,1154464873
655,8,4019,3.5,1154400245
656,8,4034,4.5,1154465279
657,8,4226,5.0,1154464905
658,8,4262,4.0,1154464915
659,8,4448,2.5,1154400334
660,8,4886,3.5,1154464808
661,8,4896,3.5,1154400398
662,8,4963,4.5,1154400383
663,8,4973,4.0,1154465373
664,8,4993,3.5,1154464819
665,8,4995,3.5,1154389449
666,8,5064,5.0,1154400236
667,8,5378,3.5,1154389552
668,8,5445,4.5,1154400449
669,8,5464,4.0,1154464756
670,8,5630,4.0,1154400407
671,8,5650,4.0,1154465399
672,8,5669,3.0,1154465385
673,8,5952,4.0,1154464762
674,8,5989,3.5,1154400444
675,8,6377,4.0,1154389474
676,8,6378,3.0,1154400191
677,8,6870,4.0,1154464895
678,8,6874,5.0,1154465296
679,8,6879,3.0,1154400253
680,8,7143,3.5,1154400294
681,8,7153,4.0,1154464753
682,8,7361,4.0,1154465367
683,8,7438,4.0,1154464994
684,8,8533,2.5,1154400471
685,8,8784,4.5,1154464868
686,8,8873,4.0,1154465499
687,8,8874,3.0,1154465548
688,8,32587,3.5,1154465243
689,8,33166,4.5,1154473310
690,8,33493,4.5,1154400263
691,8,33794,4.5,1154464726
692,8,34162,3.5,1154400423
693,8,40583,3.5,1154473088
694,8,40819,3.5,1154473264
695,8,42007,2.0,1154473042
696,8,43556,3.5,1154473022
697,8,43871,3.0,1154473014
698,8,44004,3.0,1154473017
699,9,1,4.0,938629179
700,9,17,4.0,938628337
701,9,26,3.0,938628655
702,9,36,5.0,938629110
703,9,47,3.0,938628897
704,9,318,4.0,938628966
705,9,497,4.0,938628777
706,9,515,4.0,938628577
707,9,527,5.0,938628843
708,9,534,5.0,938628337
709,9,593,4.0,938628843
710,9,608,5.0,938628843
711,9,733,2.0,938628337
712,9,1059,5.0,938629250
713,9,1177,3.0,938629470
714,9,1357,4.0,938628655
715,9,1358,4.0,938628450
716,9,1411,3.0,938628655
717,9,1541,2.0,938628777
718,9,1584,4.0,938629341
719,9,1680,4.0,938629054
720,9,1682,5.0,938628690
721,9,1704,4.0,938628966
722,9,1721,3.0,938629470
723,9,1784,5.0,938628966
724,9,2028,4.0,938629341
725,9,2125,4.0,938629522
726,9,2140,4.0,938629747
727,9,2249,4.0,938629053
728,9,2268,3.0,938629053
729,9,2273,3.0,938628777
730,9,2278,4.0,938628897
731,9,2291,4.0,938629341
732,9,2294,2.0,938629250
733,9,2302,4.0,938628843
734,9,2391,4.0,939122916
735,9,2396,4.0,938628577
736,9,2427,2.0,938629681
737,9,2490,3.0,938629681
738,9,2501,4.0,938628966
739,9,2539,2.0,938629341
740,9,2571,5.0,938628450
741,9,2628,3.0,938628843
742,9,2762,4.0,938627748
743,9,2857,4.0,938629681
744,10,50,5.0,942766420
745,10,152,4.0,942766793
746,10,318,4.0,942766515
747,10,344,3.0,942766603
748,10,345,4.0,942766603
749,10,592,3.0,942767328
750,10,735,4.0,942766974
751,10,1036,3.0,942767258
752,10,1089,3.0,942766420
753,10,1101,2.0,942767328
754,10,1127,4.0,942767328
755,10,1196,4.0,942767258
756,10,1197,4.0,942767258
757,10,1198,4.0,942767258
758,10,1200,4.0,942767258
759,10,1210,4.0,942767258
760,10,1220,3.0,942767328
761,10,1240,4.0,942767258
762,10,1291,4.0,942767258
763,10,1358,5.0,942766420
764,10,1423,4.0,942766420
765,10,1459,3.0,942766725
766,10,1499,3.0,942766845
767,10,1611,5.0,942767029
768,10,1690,3.0,942766679
769,10,1704,4.0,942766472
770,10,1719,5.0,942766472
771,10,1887,2.0,942766845
772,10,1923,5.0,942766515
773,10,2108,3.0,942766472
774,10,2344,5.0,942766991
775,10,2406,4.0,942767328
776,10,2410,2.0,942767328
777,10,2539,4.0,942766845
778,10,2571,5.0,942766515
779,10,2826,5.0,942766109
780,10,2827,3.0,942766251
781,10,2840,3.0,942766213
782,10,2841,4.0,942766029
783,10,2881,3.0,942766164
784,10,2890,4.0,942765978
785,10,2907,2.0,942766213
786,10,2926,5.0,942767121
787,10,2995,2.0,942766251
788,10,3005,3.0,942766059
789,10,3019,4.0,942767571
790,11,50,5.0,1391658537
791,11,70,1.0,1391656827
792,11,126,4.0,1391657561
793,11,169,3.0,1391657297
794,11,296,5.0,1391658423
795,11,778,4.5,1391658505
796,11,785,3.5,1391656845
797,11,923,5.0,1391658556
798,11,1027,4.5,1391658634
799,11,1201,5.0,1391658440
800,11,1408,5.0,1391658667
801,11,1918,3.0,1391657062
802,11,2042,3.5,1391657376
803,11,2596,4.5,1391657543
804,11,2762,3.0,1391658583
805,11,3424,3.0,1391657112
806,11,5669,3.0,1391658601
807,11,6598,5.0,1391657861
808,11,26614,5.0,1391658574
809,11,48516,5.0,1391658450
810,11,51084,4.0,1391657605
811,11,58295,4.5,1391657459
812,11,71211,3.5,1391657720
813,11,77455,4.5,1391658141
814,11,79132,4.0,1391658115
815,11,80489,4.5,1391658399
816,11,80906,3.0,1391658137
817,11,81158,4.0,1391658210
818,11,81562,3.5,1391658218
819,11,88129,4.0,1391658385
820,11,91500,4.5,1391658311
821,11,91529,4.5,1391658125
822,11,91548,4.0,1391658270
823,11,96079,4.0,1391658186
824,11,96861,4.0,1391657924
825,11,97938,4.0,1391657610
826,11,104841,5.0,1391658157
827,11,106487,5.0,1391657798
828,12,253,3.0,968045587
829,12,529,1.0,968045407
830,12,538,3.0,968045438
831,12,608,2.0,968045353
832,12,673,1.0,968045732
833,12,736,4.0,968045680
834,12,737,3.0,968045764
835,12,1028,1.0,968045500
836,12,1032,2.0,968045561
837,12,1077,3.0,968045500
838,12,1197,1.0,955407153
839,12,1215,5.0,968045353
840,12,1220,5.0,955407153
841,12,1230,2.0,968045354
842,12,1235,5.0,968045354
843,12,1295,1.0,955407153
844,12,1374,1.0,968045475
845,12,1387,4.0,968045475
846,12,1639,2.0,968045438
847,12,1732,3.0,968045529
848,12,2259,2.0,955407153
849,12,2355,2.0,968045475
850,12,2460,4.0,968045680
851,12,2529,1.0,968045475
852,12,2668,2.0,968045764
853,12,2959,4.0,968045407
854,12,3146,2.0,968045732
855,12,3148,1.0,968045379
856,12,3176,3.0,968045649
857,12,3179,2.0,968045354
858,12,3298,4.0,968045529
859,12,3324,1.0,968045732
860,12,3408,4.0,968045379
861,12,3474,4.0,955407153
862,12,3770,3.0,968045619
863,12,3773,2.0,968045680
864,12,3780,2.0,968045619
865,12,3791,1.0,968045232
866,12,3793,5.0,968045232
867,12,3794,3.0,968045232
868,12,3798,4.0,968045232
869,12,3799,1.0,968045198
870,12,3801,3.0,968045198
871,12,3809,3.0,968045172
872,12,3825,5.0,968045142
873,12,3827,2.0,968045142
874,12,3829,2.0,968045106
875,12,3831,4.0,968045106
876,12,3841,2.0,968045074
877,12,3844,1.0,968045074
878,12,3861,3.0,968045015
879,12,3863,5.0,968045015
880,12,3864,3.0,968045015
881,12,3865,5.0,968045015
882,12,3869,2.0,968044981
883,12,3871,2.0,968044981
884,12,3873,3.0,968044981
885,12,3879,5.0,968044949
886,12,3885,3.0,968044949
887,12,3886,2.0,968044949
888,12,6184,4.0,968045173
889,13,1,5.0,1331380058
890,13,47,2.5,1331380914
891,13,110,4.0,1331380038
892,13,277,4.0,1331379348
893,13,296,3.5,1331380895
894,13,318,4.5,1331380029
895,13,356,5.0,1331380018
896,13,362,4.5,1331379479
897,13,480,3.0,1331380025
898,13,524,3.5,1331379485
899,13,527,4.0,1331380901
900,13,531,4.0,1331379483
901,13,587,3.0,1331380851
902,13,590,4.0,1331380062
903,13,914,4.0,1331379366
904,13,919,3.5,1331380871
905,13,1027,3.0,1331379520
906,13,1259,4.0,1331380814
907,13,1265,2.5,1331380845
908,13,1918,3.0,1331379386
909,13,1961,4.0,1331380745
910,13,2355,4.0,1331380741
911,13,2571,3.0,1331380888
912,13,2572,3.5,1331379777
913,13,2761,4.0,1331379470
914,13,2762,3.0,1331380765
915,13,2804,3.0,1331380731
916,13,2908,3.0,1331379494
917,13,2918,3.0,1331380761
918,13,3114,3.0,1331380738
919,13,3147,4.0,1331380752
920,13,3255,3.5,1331379342
921,13,3396,3.5,1331379599
922,13,3624,3.0,1331379574
923,13,4306,4.0,1331380721
924,13,4310,4.5,1331379506
925,13,4321,2.5,1331379589
926,13,4718,3.5,1331379530
927,13,4878,4.5,1331380145
928,13,4886,3.5,1331380834
929,13,4993,4.5,1331380883
930,13,5989,4.0,1331380785
931,13,6377,4.5,1331380734
932,13,7361,4.0,1331380159
933,13,7502,4.5,1331380306
934,13,54286,3.5,1331380782
935,13,58559,4.5,1331380873
936,13,64614,4.5,1331380830
937,13,69757,4.0,1331379748
938,13,78499,4.0,1331380725
939,13,81834,4.5,1331380387
940,13,88125,4.5,1331380390
941,13,93363,3.0,1331379985
942,14,594,1.0,976243997
943,14,1196,4.0,976243997
944,14,1721,3.0,976243912
945,14,2038,3.0,976244179
946,14,2355,2.0,976244179
947,14,2394,3.0,976244471
948,14,2628,3.0,976243933
949,14,2683,2.0,976244131
950,14,2716,3.0,976244313
951,14,2720,2.0,976244367
952,14,2724,3.0,976244524
953,14,2861,2.0,976244287
954,14,3114,4.0,976244591
955,14,3157,2.0,976244564
956,14,3175,5.0,976244313
957,14,3354,3.0,976243997
958,14,3623,3.0,976244423
959,14,3751,4.0,976244205
960,14,3986,3.0,976244107
961,14,3988,4.0,976244343
962,15,1,2.0,997938310
963,15,2,2.0,1134521380
964,15,5,4.5,1093070098
965,15,6,4.0,1040205753
966,15,10,3.0,1093028290
967,15,11,2.5,1093028381
968,15,14,2.5,1166586286
969,15,16,3.5,1093070150
970,15,17,3.0,997939404
971,15,19,1.0,1093028409
972,15,21,4.5,1058249528
973,15,22,2.5,1093070415
974,15,25,3.0,1033345172
975,15,32,4.0,997938466
976,15,34,3.0,997938310
977,15,36,1.0,1033345287
978,15,39,2.5,1093028334
979,15,44,3.0,1122576665
980,15,47,5.0,1054449816
981,15,50,5.0,997938500
982,15,52,2.5,1093070271
983,15,62,2.0,1093028336
984,15,70,0.5,1093070467
985,15,82,5.0,1044220302
986,15,94,3.0,1166587063
987,15,95,1.5,1093028331
988,15,101,4.0,1134522072
989,15,104,1.0,1093070113
990,15,107,2.0,1166586594
991,15,110,3.0,1040205792
992,15,111,5.0,997938500
993,15,112,2.5,1093070156
994,15,123,4.0,997938358
995,15,125,3.5,1245362506
996,15,145,3.5,1134521543
997,15,149,5.0,1075142933
998,15,150,3.0,997939380
999,15,153,1.0,1128274517
1000,15,157,2.0,1052896975
1001,15,160,0.5,1093028411
1002,15,161,3.0,1093028319
1003,15,162,4.0,997938676
1004,15,163,2.0,1166586021
1005,15,164,4.0,997938413
1006,15,165,3.0,1093028183
1007,15,170,2.5,1166586376
1008,15,172,1.0,1093070329
1009,15,175,4.0,1166587180
1010,15,176,4.0,1046209579
1011,15,180,3.0,1166586276
1012,15,185,2.0,1052896916
1013,15,193,1.0,1193435347
1014,15,196,2.0,1093070170
1015,15,198,1.5,1134521967
1016,15,208,1.5,1193435482
1017,15,214,2.0,1033345241
1018,15,215,4.5,1054449903
1019,15,216,1.0,1349622582
1020,15,223,4.0,997939415
1021,15,225,1.0,1134521432
1022,15,230,1.0,1033345068
1023,15,231,3.5,1093028308
1024,15,232,4.0,1033345227
1025,15,233,4.0,1033344772
1026,15,235,4.0,997939415
1027,15,237,3.5,1166586251
1028,15,246,5.0,997938656
1029,15,247,2.0,997938567
1030,15,252,2.0,1093070318
1031,15,253,2.0,1093028328
1032,15,260,5.0,997938437
1033,15,265,1.0,1058250479
1034,15,288,2.0,1093028372
1035,15,292,1.0,1093028298
1036,15,293,5.0,997938567
1037,15,296,5.0,997938771
1038,15,300,4.0,1054449869
1039,15,306,5.0,997938737
1040,15,307,4.0,997938894
1041,15,308,4.0,1052897100
1042,15,316,3.0,1052896866
1043,15,317,1.0,1093028399
1044,15,318,2.0,997938727
1045,15,322,2.5,1120209787
1046,15,329,1.5,1093028255
1047,15,335,2.0,997938391
1048,15,339,2.5,1122576622
1049,15,342,3.0,1058250589
1050,15,344,2.0,1093028220
1051,15,349,3.0,997939193
1052,15,353,3.0,1093070088
1053,15,355,0.5,1122576667
1054,15,356,1.0,1058250631
1055,15,357,3.5,1058250490
1056,15,364,4.0,997939065
1057,15,367,2.0,1374637824
1058,15,370,3.5,1122576670
1059,15,371,2.0,1443385370
1060,15,372,3.0,1465793100
1061,15,373,3.5,1054449871
1062,15,377,4.0,1033344267
1063,15,380,4.0,997939179
1064,15,382,3.5,1166586661
1065,15,429,1.0,1465955324
1066,15,431,4.0,1132469126
1067,15,434,3.0,1093028320
1068,15,435,1.0,1093070102
1069,15,440,2.5,1058250627
1070,15,441,4.0,997938322
1071,15,442,1.0,1193435522
1072,15,454,3.0,1093028323
1073,15,457,5.0,997938567
1074,15,466,2.5,1134521456
1075,15,471,3.0,1166586067
1076,15,474,3.0,1093028384
1077,15,480,3.0,997939193
1078,15,481,3.0,1166586748
1079,15,483,1.0,997938905
1080,15,485,0.5,1093070332
1081,15,494,4.0,1093028414
1082,15,500,3.0,1035258747
1083,15,508,1.5,1093028394
1084,15,509,2.0,1093028389
1085,15,520,3.5,1443384915
1086,15,524,2.5,1166586387
1087,15,527,4.0,997937239
1088,15,535,3.0,1033345148
1089,15,539,2.0,1093028325
1090,15,540,1.5,1240203835
1091,15,541,5.0,997938438
1092,15,543,3.0,1093070381
1093,15,549,5.0,997938676
1094,15,551,2.0,997939055
1095,15,555,4.0,1033344257
1096,15,556,3.5,1361078504
1097,15,562,3.0,1166586512
1098,15,574,3.0,1141391972
1099,15,586,2.0,1093028377
1100,15,587,1.0,1093028322
1101,15,588,0.5,1093028161
1102,15,589,4.0,997938451
1103,15,590,3.0,1093028142
1104,15,592,4.0,997939162
1105,15,593,5.0,997938500
1106,15,594,2.5,1245021392
1107,15,597,2.5,1093028267
1108,15,608,5.0,997938500
1109,15,610,3.0,1052896916
1110,15,628,2.5,1093070326
1111,15,647,1.5,1134521628
1112,15,648,4.0,1093028231
1113,15,663,2.0,1035258608
1114,15,665,3.0,997939348
1115,15,674,3.0,1052896916
1116,15,680,2.0,1052896867
1117,15,708,3.0,1093028406
1118,15,720,3.0,1033345122
1119,15,724,2.0,1166586237
1120,15,733,3.5,1093028260
1121,15,736,1.0,1093028237
1122,15,745,3.0,997938288
1123,15,748,2.5,1166586565
1124,15,750,4.0,997938438
1125,15,762,2.0,1093070454
1126,15,778,4.0,1054450167
1127,15,780,2.5,1093028151
1128,15,784,2.5,1093070207
1129,15,785,3.0,1033344834
1130,15,786,0.5,1093028395
1131,15,788,1.5,1134521382
1132,15,799,3.0,1136904835
1133,15,800,5.0,997938391
1134,15,802,1.0,1128274713
1135,15,803,4.5,1054450008
1136,15,804,3.5,1134522085
1137,15,832,1.0,1166586002
1138,15,836,2.0,1166586995
1139,15,851,4.0,1035258747
1140,15,858,5.0,997938703
1141,15,866,4.0,997938567
1142,15,899,5.0,1058250570
1143,15,903,5.0,997938346
1144,15,904,5.0,997938346
1145,15,908,5.0,997938500
1146,15,909,4.0,997939604
1147,15,910,2.5,1122576681
1148,15,911,4.0,1058250459
1149,15,912,5.0,997938140
1150,15,913,4.0,1416119525
1151,15,914,1.5,1058250501
1152,15,916,1.0,1128274460
1153,15,919,3.0,997938737
1154,15,920,3.5,1093070090
1155,15,922,1.0,1040205624
1156,15,923,5.0,997938727
1157,15,924,5.0,997938358
1158,15,926,3.0,1044219825
1159,15,931,1.0,1058250466
1160,15,953,3.0,997938800
1161,15,994,4.0,997939453
1162,15,1020,2.0,1166586619
1163,15,1035,2.0,1034544304
1164,15,1036,4.0,997938528
1165,15,1041,5.0,997938905
1166,15,1047,2.5,1348976598
1167,15,1059,1.5,1166586136
1168,15,1060,4.0,1054450184
1169,15,1073,3.0,997938603
1170,15,1079,4.0,997937239
1171,15,1084,3.0,997938787
1172,15,1088,2.0,1122576683
1173,15,1089,4.0,997938528
1174,15,1092,2.5,1193436089
1175,15,1093,2.0,1166586415
1176,15,1094,4.0,1033345199
1177,15,1095,4.0,1040205624
1178,15,1097,4.0,997938466
1179,15,1100,2.5,1458506296
1180,15,1101,3.0,1093070163
1181,15,1120,1.0,1055439464
1182,15,1127,4.0,997939162
1183,15,1131,2.5,1345397949
1184,15,1136,2.5,1128274586
1185,15,1147,3.5,1386368101
1186,15,1148,3.0,997938288
1187,15,1171,4.0,1054449673
1188,15,1173,3.0,1193435335
1189,15,1176,4.0,997938862
1190,15,1178,3.0,997938771
1191,15,1179,4.0,1033344257
1192,15,1183,2.0,1443384910
1193,15,1186,4.5,1166586456
1194,15,1189,3.5,1361078481
1195,15,1193,5.0,997938760
1196,15,1196,5.0,997938438
1197,15,1197,1.0,1040205753
1198,15,1198,4.0,997939111
1199,15,1199,1.0,1093070386
1200,15,1200,4.0,997938528
1201,15,1201,3.5,1345398232
1202,15,1203,4.0,997938784
1203,15,1204,2.0,997939111
1204,15,1206,5.0,997938438
1205,15,1207,3.0,1044347743
1206,15,1208,5.0,997938822
1207,15,1209,4.5,1345398245
1208,15,1210,5.0,997938466
1209,15,1211,1.5,1058250487
1210,15,1212,3.0,1166586696
1211,15,1213,3.0,997938749
1212,15,1214,4.0,997938203
1213,15,1215,1.5,1054271469
1214,15,1217,2.0,1055439440
1215,15,1218,4.0,997939207
1216,15,1219,3.0,997938203
1217,15,1220,1.0,1093070109
1218,15,1221,5.0,997938712
1219,15,1222,4.0,997939614
1220,15,1223,4.0,997938288
1221,15,1225,4.0,1034544304
1222,15,1228,4.0,997938800
1223,15,1230,3.0,1044347881
1224,15,1231,4.0,1054450216
1225,15,1233,3.0,997938727
1226,15,1234,4.0,1054450238
1227,15,1235,3.5,1166586368
1228,15,1240,3.0,997938451
1229,15,1243,2.0,1033345172
1230,15,1244,5.0,997938151
1231,15,1246,1.0,1093070174
1232,15,1247,5.0,997938171
1233,15,1248,3.0,997938509
1234,15,1249,3.0,997938500
1235,15,1250,4.0,997938760
1236,15,1251,3.0,997938749
1237,15,1252,5.0,997938346
1238,15,1254,3.5,1345398347
1239,15,1258,4.0,997938219
1240,15,1259,3.0,997938917
1241,15,1260,3.0,997938981
1242,15,1262,1.5,1134521651
1243,15,1263,4.0,1120208625
1244,15,1264,3.0,997938162
1245,15,1265,4.0,997938171
1246,15,1266,4.0,997939360
1247,15,1267,5.0,997938500
1248,15,1270,5.0,997938451
1249,15,1272,3.5,1054450246
1250,15,1276,2.5,1054450208
1251,15,1280,3.0,997938941
1252,15,1281,1.0,1063565335
1253,15,1283,3.0,1416120074
1254,15,1284,3.0,1345397986
1255,15,1287,2.0,1033345087
1256,15,1288,4.0,1163876491
1257,15,1289,4.0,1465793922
1258,15,1290,3.0,1035258608
1259,15,1291,4.0,997939144
1260,15,1293,4.0,997938894
1261,15,1297,4.0,1166587005
1262,15,1302,3.0,1093070459
1263,15,1303,2.0,1054450251
1264,15,1304,3.0,1040205753
1265,15,1307,5.0,997938162
1266,15,1320,3.0,1134521497
1267,15,1333,2.0,997938219
1268,15,1334,2.0,1052896916
1269,15,1339,2.0,1134521654
1270,15,1342,2.0,1033345050
1271,15,1356,2.0,1052896819
1272,15,1358,1.0,997938500
1273,15,1361,3.5,1361078494
1274,15,1370,3.0,1093070198
1275,15,1377,3.0,1093070479
1276,15,1380,2.5,1166586012
1277,15,1385,3.0,1458506268
1278,15,1387,4.0,1040205754
1279,15,1391,0.5,1093070145
1280,15,1393,3.5,1058250612
1281,15,1394,4.0,997939021
1282,15,1396,4.0,1055439459
1283,15,1405,3.0,1052897043
1284,15,1407,5.0,997938219
1285,15,1449,4.0,997939358
1286,15,1464,4.0,997938391
1287,15,1466,4.0,997939439
1288,15,1476,3.0,1134522057
1289,15,1479,1.5,1338699256
1290,15,1483,3.0,1193435343
1291,15,1484,3.0,997938358
1292,15,1485,3.0,1093070397
1293,15,1500,3.0,1093070210
1294,15,1502,1.5,1425876701
1295,15,1503,1.0,1035258747
1296,15,1513,2.0,1033344937
1297,15,1517,3.0,997939453
1298,15,1527,1.0,1052896819
1299,15,1529,3.0,997939393
1300,15,1544,1.0,1093070319
1301,15,1546,4.0,997938322
1302,15,1552,1.5,1134521507
1303,15,1556,2.5,1166587010
1304,15,1562,1.5,1166586212
1305,15,1569,3.5,1134521624
1306,15,1573,4.0,997938476
1307,15,1580,4.0,997939179
1308,15,1584,4.0,1052896685
1309,15,1589,2.0,1093028013
1310,15,1597,2.0,1134521585
1311,15,1608,1.0,1093070221
1312,15,1610,3.0,1040205754
1313,15,1615,3.0,997939193
1314,15,1616,3.0,1166587214
1315,15,1617,5.0,997938346
1316,15,1625,4.0,997938391
1317,15,1635,4.0,1033345134
1318,15,1639,4.0,1054449877
1319,15,1644,1.5,1166586517
1320,15,1645,3.0,997938413
1321,15,1649,2.0,997938647
1322,15,1653,3.0,1052896685
1323,15,1663,3.0,1058250115
1324,15,1673,3.0,1033345299
1325,15,1676,4.0,1052896916
1326,15,1680,3.0,1166586583
1327,15,1682,2.0,997939424
1328,15,1689,4.5,1465880892
1329,15,1690,1.0,1134521603
1330,15,1694,3.0,997938879
1331,15,1704,4.0,1033345148
1332,15,1717,4.0,1166586533
1333,15,1719,4.0,997938931
1334,15,1721,1.5,1093028339
1335,15,1722,3.5,1134521534
1336,15,1729,1.0,1033344286
1337,15,1732,3.5,1054449676
1338,15,1735,0.5,1166981862
1339,15,1747,3.5,1134521589
1340,15,1748,4.0,997938451
1341,15,1752,3.5,1469330699
1342,15,1753,1.0,1349622617
1343,15,1754,3.5,1460076717
1344,15,1777,2.0,1134521514
1345,15,1779,1.0,1166586707
1346,15,1784,3.0,1033345287
1347,15,1792,3.0,1458506454
1348,15,1805,3.0,997938391
1349,15,1807,1.5,1093028022
1350,15,1810,2.5,1166587162
1351,15,1816,2.5,1465881179
1352,15,1827,4.0,997938676
1353,15,1831,2.0,1166586439
1354,15,1834,3.5,1058250734
1355,15,1836,2.0,1469330727
1356,15,1845,4.0,1052897012
1357,15,1859,5.0,997938834
1358,15,1860,4.0,997939439
1359,15,1862,2.0,1469330647
1360,15,1876,2.0,1134521539
1361,15,1882,1.5,1166586478
1362,15,1883,4.0,1052897043
1363,15,1889,3.0,1054449827
1364,15,1895,2.5,1469330584
1365,15,1897,1.5,1054450597
1366,15,1904,3.5,1075142949
1367,15,1909,2.0,1052896819
1368,15,1912,5.0,1033345241
1369,15,1914,3.5,1054449899
1370,15,1917,2.0,1052896916
1371,15,1921,4.0,1052896819
1372,15,1923,4.5,1054449908
1373,15,1945,4.0,997938954
1374,15,1950,3.0,1058249502
1375,15,1952,3.0,997938810
1376,15,1953,3.0,997938528
1377,15,1954,3.0,1040205792
1378,15,1955,4.5,1338698424
1379,15,1956,4.0,1166587036
1380,15,1961,3.5,1093028404
1381,15,1962,3.0,1033345068
1382,15,1964,3.0,997938372
1383,15,1968,4.0,1052897128
1384,15,1994,2.5,1166586228
1385,15,1997,5.0,997938255
1386,15,2000,3.0,1052896975
1387,15,2003,3.0,1034544351
1388,15,2005,4.0,997938630
1389,15,2006,4.0,1035258747
1390,15,2010,3.0,1052896685
1391,15,2011,3.0,1044219825
1392,15,2012,1.0,1046209705
1393,15,2018,2.0,1044347881
1394,15,2019,4.5,1134521638
1395,15,2020,2.5,1379040745
1396,15,2025,2.0,1465881239
1397,15,2028,3.0,997938784
1398,15,2041,2.0,1033344732
1399,15,2054,2.0,997938630
1400,15,2058,2.5,1166586203
1401,15,2060,2.0,1052896975
1402,15,2064,4.5,1338698431
1403,15,2076,3.0,997938413
1404,15,2100,2.0,997938603
1405,15,2105,4.0,1052896867
1406,15,2108,4.5,1058250482
1407,15,2115,4.0,1193435562
1408,15,2124,2.0,1033345050
1409,15,2126,1.0,1166587068
1410,15,2133,3.5,1166587080
1411,15,2134,3.5,1122576686
1412,15,2140,3.0,1052896819
1413,15,2145,2.0,1034544351
1414,15,2150,3.0,997937311
1415,15,2160,3.0,1166586521
1416,15,2161,3.0,997938630
1417,15,2167,3.0,997939162
1418,15,2174,4.0,997938603
1419,15,2186,3.0,997938528
1420,15,2194,4.0,1040205754
1421,15,2231,3.0,1052897043
1422,15,2232,4.0,997938466
1423,15,2243,4.5,1128274472
1424,15,2248,3.5,1054449665
1425,15,2268,1.0,1093070270
1426,15,2269,2.5,1465881227
1427,15,2273,2.5,1166586189
1428,15,2278,2.5,1134521675
1429,15,2282,0.5,1469330645
1430,15,2288,3.0,1052896740
1431,15,2289,4.0,997938322
1432,15,2291,3.0,997939439
1433,15,2294,2.0,1052897012
1434,15,2302,3.5,1093070399
1435,15,2303,3.0,997938931
1436,15,2311,2.0,1052896916
1437,15,2313,3.5,1345397769
1438,15,2318,4.5,1054449678
1439,15,2321,3.5,1122576690
1440,15,2324,2.0,997939328
1441,15,2329,1.0,1054450149
1442,15,2333,3.0,1033344795
1443,15,2334,3.0,1469330601
1444,15,2336,2.0,1033344772
1445,15,2340,2.0,1134522028
1446,15,2351,1.0,1044347881
1447,15,2353,0.5,1134521484
1448,15,2355,2.0,997939055
1449,15,2357,3.0,997938834
1450,15,2360,2.0,997937311
1451,15,2366,3.0,1040205792
1452,15,2369,1.0,1033344752
1453,15,2371,3.5,1166586655
1454,15,2378,3.0,997937311
1455,15,2387,3.5,1465880711
1456,15,2391,3.0,997938567
1457,15,2395,5.0,997939404
1458,15,2396,2.0,997938162
1459,15,2405,3.0,1052897012
1460,15,2406,3.5,1458506447
1461,15,2407,3.0,1052896819
1462,15,2413,4.5,1425875796
1463,15,2424,1.5,1134521618
1464,15,2427,3.0,1040205754
1465,15,2428,1.0,1033344782
1466,15,2439,2.0,997939328
1467,15,2447,2.5,1122576697
1468,15,2455,3.5,1166586146
1469,15,2467,1.0,997938413
1470,15,2478,4.0,1122576699
1471,15,2490,1.0,1033344906
1472,15,2501,3.0,997938760
1473,15,2502,5.0,1033344897
1474,15,2505,0.5,1122576701
1475,15,2528,2.0,1347937598
1476,15,2539,2.5,1465880194
1477,15,2541,1.0,1033344732
1478,15,2542,1.0,997939415
1479,15,2560,3.0,1033344917
1480,15,2568,0.5,1469330735
1481,15,2571,5.0,997938438
1482,15,2572,5.0,1033344641
1483,15,2574,1.0,1033344897
1484,15,2575,3.0,1033344772
1485,15,2579,2.5,1054449822
1486,15,2580,3.0,997939393
1487,15,2581,1.0,1033344897
1488,15,2585,1.0,1033344865
1489,15,2594,4.0,997938466
1490,15,2598,1.5,1166587193
1491,15,2599,3.0,997939021
1492,15,2600,3.0,1033344995
1493,15,2605,1.0,1033344772
1494,15,2617,1.0,1093070339
1495,15,2624,3.0,997939255
1496,15,2628,2.5,1093028374
1497,15,2640,4.0,997939179
1498,15,2648,3.0,997938219
1499,15,2657,2.0,1052896819
1500,15,2671,4.0,997939653
1501,15,2678,1.0,1033344752
1502,15,2683,1.0,1033344657
1503,15,2686,3.0,997938372
1504,15,2692,3.0,997938151
1505,15,2699,3.0,1033345068
1506,15,2700,3.0,1033344958
1507,15,2701,1.0,1245361903
1508,15,2702,1.5,1122576707
1509,15,2706,3.0,1033344657
1510,15,2707,3.0,1033344663
1511,15,2709,1.0,1033344878
1512,15,2710,1.0,1033344702
1513,15,2712,4.0,997939623
1514,15,2713,1.0,1033344834
1515,15,2716,4.0,997938219
1516,15,2717,3.5,1465793437
1517,15,2718,1.5,1469330590
1518,15,2722,2.0,1033344732
1519,15,2723,1.0,1033344897
1520,15,2726,2.5,1054450195
1521,15,2729,3.0,997939653
1522,15,2759,1.0,1033344752
1523,15,2761,2.0,997939037
1524,15,2762,1.0,997938500
1525,15,2763,1.0,1033344970
1526,15,2769,2.0,997937762
1527,15,2770,4.0,1033344702
1528,15,2791,4.0,997939008
1529,15,2795,3.5,1065197456
1530,15,2797,4.0,997938603
1531,15,2803,1.5,1166587203
1532,15,2819,3.0,997938567
1533,15,2840,1.0,1033344958
1534,15,2841,2.0,1033344958
1535,15,2858,4.0,997938310
1536,15,2871,4.0,997939144
1537,15,2881,1.0,1033344752
1538,15,2890,4.0,1054450160
1539,15,2905,4.0,1040205754
1540,15,2908,1.0,997938879
1541,15,2912,4.0,1040205754
1542,15,2915,1.5,1345397822
1543,15,2916,4.0,997938466
1544,15,2918,4.0,1054449710
1545,15,2925,4.0,1166585692
1546,15,2947,5.0,1040205655
1547,15,2949,4.0,1040205655
1548,15,2952,1.0,1054449851
1549,15,2959,5.0,997938894
1550,15,2973,4.0,997939623
1551,15,2976,2.0,1469330578
1552,15,2983,4.0,997938576
1553,15,2985,3.0,1052896740
1554,15,2987,4.0,997939144
1555,15,2990,3.5,1345398317
1556,15,2993,4.0,1345381197
1557,15,2997,5.0,997938310
1558,15,3000,4.0,997939086
1559,15,3004,1.0,1033344685
1560,15,3005,1.0,1033344702
1561,15,3006,5.0,997938800
1562,15,3007,2.5,1361078485
1563,15,3008,2.0,1033344865
1564,15,3010,4.0,997938727
1565,15,3019,3.0,997938954
1566,15,3020,3.0,1166586681
1567,15,3030,4.0,997939021
1568,15,3033,4.0,1052896867
1569,15,3039,4.0,1033344267
1570,15,3044,3.0,1058250603
1571,15,3052,3.0,997939653
1572,15,3060,4.0,1052896975
1573,15,3077,3.0,1033345241
1574,15,3081,1.0,1033344958
1575,15,3082,3.0,1166586269
1576,15,3083,5.0,997938310
1577,15,3089,3.0,997938895
1578,15,3101,4.0,997937311
1579,15,3104,4.0,1040205792
1580,15,3107,3.0,1316395917
1581,15,3108,4.0,997939453
1582,15,3113,2.0,1166587025
1583,15,3114,1.0,1033344983
1584,15,3128,4.0,997938931
1585,15,3129,3.5,1054449917
1586,15,3134,1.0,1044347881
1587,15,3146,1.5,1460076724
1588,15,3147,1.0,997939415
1589,15,3148,1.0,1134521933
1590,15,3150,3.0,1245361773
1591,15,3152,3.0,997938931
1592,15,3157,1.0,1033344970
1593,15,3160,3.0,997938941
1594,15,3168,2.5,1338698402
1595,15,3173,2.5,1122576723
1596,15,3174,1.0,1033344865
1597,15,3175,4.0,997939162
1598,15,3176,2.0,997938413
1599,15,3181,1.0,997939393
1600,15,3182,2.0,997937726
1601,15,3185,2.0,1033344958
1602,15,3210,5.0,1054449670
1603,15,3219,2.0,1033344897
1604,15,3225,1.0,997938046
1605,15,3246,4.0,1033345148
1606,15,3250,2.0,1034544351
1607,15,3253,3.0,997939639
1608,15,3255,2.0,1134521644
1609,15,3256,2.0,1361831567
1610,15,3261,4.0,1058250521
1611,15,3262,1.0,997938391
1612,15,3265,4.0,1345397753
1613,15,3266,5.0,1034544304
1614,15,3267,3.0,1063565307
1615,15,3272,2.0,1033345227
1616,15,3273,1.0,997937890
1617,15,3275,0.5,1347936677
1618,15,3285,2.0,1416119608
1619,15,3286,3.0,997937999
1620,15,3298,4.0,1033344702
1621,15,3300,5.0,997937876
1622,15,3301,4.0,1044348420
1623,15,3307,3.0,1082220247
1624,15,3316,1.5,1416119948
1625,15,3317,5.0,997937786
1626,15,3318,3.0,997937986
1627,15,3320,5.0,1040205943
1628,15,3328,4.0,997937748
1629,15,3358,2.5,1096005300
1630,15,3361,3.0,1054449689
1631,15,3362,3.5,1120209453
1632,15,3386,3.0,997938391
1633,15,3390,1.0,997937239
1634,15,3408,2.0,1033344772
1635,15,3409,4.0,997937902
1636,15,3418,1.0,1040205754
1637,15,3421,1.5,1063565279
1638,15,3429,3.0,997938310
1639,15,3435,2.5,1054450188
1640,15,3448,2.5,1193436085
1641,15,3461,3.0,997939144
1642,15,3462,1.5,1063565329
1643,15,3471,4.0,1034544304
1644,15,3476,4.5,1465881233
1645,15,3477,3.0,1093028035
1646,15,3481,5.0,997937748
1647,15,3484,0.5,1465880417
1648,15,3489,2.0,1166586405
1649,15,3499,3.0,997938242
1650,15,3504,4.0,997938810
1651,15,3505,4.0,1134521930
1652,15,3510,2.0,1033344795
1653,15,3512,3.0,997937926
1654,15,3527,3.0,1052896819
1655,15,3534,1.0,997937935
1656,15,3535,1.0,997937822
1657,15,3536,4.0,997937808
1658,15,3538,1.5,1096005190
1659,15,3543,2.0,1033344752
1660,15,3552,2.0,1465880183
1661,15,3555,1.0,1166586553
1662,15,3556,3.0,997937786
1663,15,3566,3.0,997937902
1664,15,3569,4.0,997937682
1665,15,3571,4.0,997937848
1666,15,3577,3.5,1465954636
1667,15,3578,2.0,1033344795
1668,15,3598,3.0,997937762
1669,15,3617,4.0,997937822
1670,15,3618,2.0,997937876
1671,15,3623,1.0,1033344878
1672,15,3624,2.0,1122576735
1673,15,3626,3.0,997937961
1674,15,3633,4.0,1345381200
1675,15,3634,2.0,1044347881
1676,15,3635,3.5,1345397811
1677,15,3638,3.5,1345398289
1678,15,3639,2.0,1345397721
1679,15,3671,2.0,1166586157
1680,15,3683,4.0,997938800
1681,15,3707,5.0,1465881231
1682,15,3717,1.0,1163876415
1683,15,3728,4.0,1443385280
1684,15,3730,5.0,997938346
1685,15,3735,2.0,997938822
1686,15,3742,2.5,1082220261
1687,15,3745,1.0,997937836
1688,15,3747,2.0,997937700
1689,15,3751,1.0,997937726
1690,15,3752,1.0,997937971
1691,15,3755,1.5,1416119541
1692,15,3763,2.0,1122576740
1693,15,3783,2.0,997937700
1694,15,3785,4.0,997937822
1695,15,3786,2.0,1033344712
1696,15,3787,3.0,997937795
1697,15,3788,3.0,997938391
1698,15,3793,2.0,997937808
1699,15,3794,4.0,997937914
1700,15,3798,2.0,997937999
1701,15,3800,2.0,1039243666
1702,15,3801,3.0,997938372
1703,15,3823,2.0,997937726
1704,15,3825,1.0,997938015
1705,15,3826,1.0,997938035
1706,15,3827,2.5,1134522068
1707,15,3852,3.0,1044348420
1708,15,3854,3.0,1240203682
1709,15,3861,3.0,1044348492
1710,15,3863,2.0,997937860
1711,15,3868,4.0,1134521920
1712,15,3882,4.0,997937890
1713,15,3892,1.0,1039243705
1714,15,3893,1.0,997937860
1715,15,3896,3.0,997937890
1716,15,3897,3.0,997937700
1717,15,3910,2.0,997937848
1718,15,3911,2.0,997937427
1719,15,3915,5.0,997937700
1720,15,3943,3.0,997937860
1721,15,3948,5.0,1044348382
1722,15,3949,5.0,997937413
1723,15,3952,4.0,997937890
1724,15,3956,1.0,997937986
1725,15,3967,1.0,997937762
1726,15,3968,2.5,1425876021
1727,15,3969,1.0,997937459
1728,15,3977,3.0,997937848
1729,15,3979,1.0,997938035
1730,15,3981,1.0,1033344924
1731,15,3983,5.0,997937413
1732,15,3984,4.0,1338698406
1733,15,3986,1.0,997937926
1734,15,3987,4.0,997937961
1735,15,3988,1.0,1166587057
1736,15,3989,3.0,997937700
1737,15,3990,1.0,997937999
1738,15,3993,1.0,997937902
1739,15,3994,4.0,997937442
1740,15,3996,5.0,997937413
1741,15,3998,1.0,997937614
1742,15,3999,3.0,997937459
1743,15,4005,3.5,1345398275
1744,15,4006,3.0,1052896916
1745,15,4007,3.5,1426110367
1746,15,4010,2.0,1033345087
1747,15,4011,1.0,997937606
1748,15,4014,2.0,1044348492
1749,15,4015,5.0,997937442
1750,15,4017,4.0,997937413
1751,15,4018,1.0,1044348492
1752,15,4019,2.0,1416119589
1753,15,4020,3.0,997937442
1754,15,4021,3.0,997937427
1755,15,4022,3.0,997937413
1756,15,4023,2.0,997937442
1757,15,4025,1.0,1044348492
1758,15,4027,3.0,997937606
1759,15,4029,4.0,1033343955
1760,15,4030,2.0,997937459
1761,15,4033,4.0,1084489330
1762,15,4034,4.0,997937413
1763,15,4036,1.0,997937427
1764,15,4037,3.0,997938372
1765,15,4052,1.0,997937442
1766,15,4055,1.0,1033344023
1767,15,4056,5.0,997937442
1768,15,4066,4.0,997938994
1769,15,4079,4.0,1052896685
1770,15,4082,1.0,1034544351
1771,15,4085,3.0,1345398332
1772,15,4121,3.0,1033344307
1773,15,4144,4.0,997937700
1774,15,4148,1.0,997938035
1775,15,4149,1.0,1349622626
1776,15,4158,2.0,997937459
1777,15,4161,3.0,997937914
1778,15,4167,1.0,997937986
1779,15,4168,3.0,1040205943
1780,15,4210,4.5,1061496845
1781,15,4223,1.0,997937775
1782,15,4225,1.0,997937762
1783,15,4226,5.0,997937682
1784,15,4232,3.0,997939162
1785,15,4235,4.0,997937713
1786,15,4238,3.0,997937986
1787,15,4239,1.0,997937808
1788,15,4246,2.0,997937713
1789,15,4247,1.0,1349622526
1790,15,4262,3.0,1120209753
1791,15,4270,1.5,1166586578
1792,15,4271,4.0,997937762
1793,15,4299,2.5,1374637769
1794,15,4302,5.0,997937808
1795,15,4306,1.0,1033343955
1796,15,4308,2.0,1033343955
1797,15,4310,3.0,997937366
1798,15,4321,2.0,997939193
1799,15,4322,4.0,1345397847
1800,15,4343,1.0,997937949
1801,15,4344,2.0,997937334
1802,15,4351,3.0,1349048073
1803,15,4361,5.0,997938151
1804,15,4367,1.0,997937374
1805,15,4369,3.0,997937366
1806,15,4370,1.0,997937822
1807,15,4372,3.0,1039243666
1808,15,4378,3.0,1033343955
1809,15,4380,2.0,1033345068
1810,15,4381,2.0,997937346
1811,15,4383,3.0,997937775
1812,15,4386,1.0,997937384
1813,15,4388,3.0,1416119736
1814,15,4410,3.0,997939653
1815,15,4446,4.0,997937334
1816,15,4447,1.5,1096005216
1817,15,4448,1.0,997937822
1818,15,4450,2.0,1054774846
1819,15,4451,2.5,1075143282
1820,15,4489,4.5,1345397842
1821,15,4546,3.0,997938203
1822,15,4571,3.0,997938617
1823,15,4621,3.0,997937575
1824,15,4623,4.0,997937575
1825,15,4638,1.0,997937346
1826,15,4639,1.0,1033344625
1827,15,4641,3.0,1033343955
1828,15,4642,1.5,1469330631
1829,15,4643,3.0,997937346
1830,15,4654,1.0,997937551
1831,15,4658,2.0,997937544
1832,15,4666,1.0,997937539
1833,15,4675,2.0,997937530
1834,15,4678,4.0,997937519
1835,15,4679,3.0,997937519
1836,15,4700,2.0,997937366
1837,15,4701,3.0,997937366
1838,15,4713,4.0,997937494
1839,15,4718,4.0,1044348492
1840,15,4719,2.0,1374637779
1841,15,4720,2.0,1039243705
1842,15,4723,3.5,1054449465
1843,15,4727,3.0,1052896975
1844,15,4728,4.0,1044348492
1845,15,4731,5.0,1033344023
1846,15,4734,1.0,1044348420
1847,15,4738,3.5,1075143297
1848,15,4744,1.0,1039243705
1849,15,4776,2.5,1054449369
1850,15,4816,3.0,1166586875
1851,15,4823,2.5,1416119762
1852,15,4844,2.0,1044348492
1853,15,4848,2.0,1054449351
1854,15,4873,5.0,1040206368
1855,15,4878,4.0,1039243666
1856,15,4881,1.5,1054449340
1857,15,4886,5.0,1033344055
1858,15,4888,3.0,1054449355
1859,15,4890,3.0,1033343866
1860,15,4896,1.0,1040206325
1861,15,4901,4.0,1054449484
1862,15,4902,2.0,1033343828
1863,15,4903,5.0,1033939395
1864,15,4914,4.0,1465880321
1865,15,4958,1.0,1469330599
1866,15,4963,4.0,1044348382
1867,15,4973,2.0,1033343815
1868,15,4974,2.0,1349622574
1869,15,4975,1.0,1040205965
1870,15,4979,5.0,1033343841
1871,15,4992,1.5,1425876112
1872,15,4993,5.0,1033343815
1873,15,4995,1.0,1033343815
1874,15,5000,3.5,1443385401
1875,15,5008,3.5,1120209745
1876,15,5010,4.5,1054449333
1877,15,5013,2.0,1033343815
1878,15,5015,1.0,1033344055
1879,15,5026,2.0,1041532617
1880,15,5060,1.5,1054450221
1881,15,5066,3.0,1033343866
1882,15,5071,5.0,1044348382
1883,15,5074,1.0,1096005077
1884,15,5075,4.0,1033344006
1885,15,5110,1.5,1416119882
1886,15,5120,3.0,1345397962
1887,15,5128,1.0,1033343934
1888,15,5135,4.0,1044348382
1889,15,5170,2.0,1033343901
1890,15,5171,0.5,1416119747
1891,15,5218,1.0,1033344044
1892,15,5219,1.0,1033343934
1893,15,5220,3.0,1033343919
1894,15,5222,2.0,1122925555
1895,15,5225,1.5,1075143288
1896,15,5254,1.0,1033343866
1897,15,5266,1.0,1033344286
1898,15,5269,4.5,1240203827
1899,15,5279,0.5,1054449705
1900,15,5283,3.0,1033343934
1901,15,5291,3.5,1416120007
1902,15,5293,3.0,1033343841
1903,15,5296,1.5,1465880704
1904,15,5298,2.5,1367800223
1905,15,5299,0.5,1416119542
1906,15,5308,2.5,1465794274
1907,15,5313,1.0,1033343919
1908,15,5319,3.5,1054449455
1909,15,5339,3.5,1345397799
1910,15,5346,3.5,1465954627
1911,15,5349,1.0,1039243048
1912,15,5363,1.0,1033343901
1913,15,5364,2.5,1465881201
1914,15,5377,4.0,1096005096
1915,15,5378,3.0,1039243048
1916,15,5388,2.0,1166586831
1917,15,5391,2.5,1367800228
1918,15,5400,3.0,1039243048
1919,15,5410,2.0,1052896740
1920,15,5416,1.5,1096005195
1921,15,5418,2.0,1033344065
1922,15,5419,1.0,1039243069
1923,15,5444,1.0,1040205624
1924,15,5445,5.0,1033344034
1925,15,5449,2.0,1033344188
1926,15,5458,1.0,1033344374
1927,15,5459,1.0,1033344188
1928,15,5463,1.0,1033344188
1929,15,5464,0.5,1166586482
1930,15,5477,5.0,1033344357
1931,15,5478,2.0,1052896819
1932,15,5481,2.0,1033344374
1933,15,5500,4.0,1033344296
1934,15,5502,1.0,1033344129
1935,15,5504,2.0,1033344119
1936,15,5507,1.0,1033344145
1937,15,5508,3.0,1054503542
1938,15,5515,4.0,1033344401
1939,15,5524,1.0,1033344137
1940,15,5528,1.0,1033344334
1941,15,5541,3.0,1035258747
1942,15,5553,2.0,1035258747
1943,15,5568,3.0,1035258747
1944,15,5577,2.5,1054513297
1945,15,5617,3.5,1222576379
1946,15,5618,1.5,1084489317
1947,15,5620,0.5,1425876082
1948,15,5630,1.5,1055439475
1949,15,5650,3.0,1034544351
1950,15,5662,4.0,1035258564
1951,15,5669,4.0,1046209630
1952,15,5673,3.5,1075142963
1953,15,5679,4.0,1035258362
1954,15,5791,2.0,1039242955
1955,15,5792,4.0,1054449327
1956,15,5809,3.0,1052906939
1957,15,5816,1.0,1416119666
1958,15,5872,3.0,1166587383
1959,15,5878,1.0,1066591270
1960,15,5893,5.0,1040205624
1961,15,5902,4.0,1044220069
1962,15,5903,2.0,1357110234
1963,15,5909,1.0,1096005087
1964,15,5945,1.0,1096005111
1965,15,5952,5.0,1040448133
1966,15,5954,1.0,1084489297
1967,15,5956,2.5,1163876422
1968,15,5957,4.5,1075143302
1969,15,5959,3.0,1443385275
1970,15,5968,3.0,1040205624
1971,15,5989,2.5,1134521661
1972,15,5991,1.0,1096005123
1973,15,5995,4.0,1120209437
1974,15,6003,1.5,1096005130
1975,15,6016,2.0,1093027992
1976,15,6025,3.0,1046209643
1977,15,6037,3.0,1465954655
1978,15,6059,2.0,1416119908
1979,15,6155,0.5,1416119753
1980,15,6157,0.5,1416119690
1981,15,6180,1.0,1046209705
1982,15,6188,3.5,1416119611
1983,15,6203,3.0,1046209705
1984,15,6218,0.5,1096005101
1985,15,6271,4.0,1052897100
1986,15,6281,1.0,1163876393
1987,15,6283,1.0,1416119893
1988,15,6287,0.5,1425876025
1989,15,6296,1.5,1096005116
1990,15,6299,2.5,1075142952
1991,15,6303,2.5,1055439424
1992,15,6327,4.0,1084489307
1993,15,6331,3.0,1120208617
1994,15,6333,3.0,1052896685
1995,15,6365,1.0,1054271424
1996,15,6373,2.0,1134522002
1997,15,6377,1.0,1061496771
1998,15,6378,3.0,1122576748
1999,15,6380,3.0,1166585438
2000,15,6385,1.5,1084489293
